Identifier,Polymer EntityData,,,
Entry ID,Sequence,Auth Asym ID,Entity ID,
"1AAL","RPDFCLEPPYTGPCKARIIRYFYNAKAGLVQTFVYGGCRAKRNNFKSAEDAMRTCGGA","A","1"
,,"B"
"1AAP","VREVCSEQAETGPCRAMISRWYFDVTEGKCAPFFYGGCGGNRNNFDTEEYCMAVCGSA","A","1"
,,"B"
"1B0C","RPDFCLEPPYTGPCKARIIRYFYNAKAGLCQTFVYGGCRAKRNNFKSAEDCMRTCGGA","A","1"
,,"B"
,,"C"
,,"D"
,,"E"
"1BHC","RPDFCLEPPYTGPCKARIIRYFYNAKAGLCQTFVYGGCRAKRNNFKSAEDCMRTCGGA","A","1"
,,"C"
,,"D"
,,"G"
,,"H"
,,"I"
,,"J"
,,"F"
,,"E"
,,"B"
"1BPI","RPDFCLEPPYTGPCKARIIRYFYNAKAGLCQTFVYGGCRAKRNNFKSAEDCMRTCGGA","A","1"
"1BPT","RPDFCLEPPYTGPCKARIIRYFANAKAGLCQTFVYGGCRAKRNNFKSAEDCMRTCGGA","A","1"
"1BRC","IVGGYTCQENSVPYQVSLNSGYHFCGGSLINDQWVVSAAHCYKSRIQVRLGEHNINVLEGNEQFVNAAKIIKHPNFDRKTLNNDIMLIKLSSPVKLNARVATVALPSSCAPAGTQCLISGWGNTLSSGVNEPDLLQCLDAPLLPQADCEASYPGKITDNMVCVGFLEGGKGSCQGDSGGPVVCNGELQGIVSWGYGCALPDNPDVYTKVCNYVDWIQDTIAAN","E","1"
,"VREVCSEQAETGPCRAMISRWYFDVTEGKCAPFFYGGCGGNRNNFDTEEYCMAVCG","I","2"
"1BTH","TFGSGEADCGLRPLFEKKSLEDKTERELLESYIDGR","L","1"
,,"J"
,"IVEGSDAEIGMSPWQVMLFRKSPQELLCGASLISDRWVLTAAHCLLYPPWDKNFTENDLLVRIGKHSRTRYERNIEKISMLEKIYIHPRYNWRENLDRDIALMKLKKPVAFSDYIHPVCLPDRETAASLLQAGYKGRVTGWGNLKETWTTNVGKGQPSVLQVVNLPIVERPVCKDSTRIRITDNMFCAGYKPDEGKRGDACQGDSGGPFVMKSPFNNRWYQMGIVSWGEGCDRDGKYGFYTHVFRLKKWIQKVIDQFGE","H","2"
,,"K"
,"RPDFCLEPPYTGPCKARIIRYFYNAKAGLCQTFVYGGCRAKRNNFKSAEDCMRTCGGA","Q","3"
,,"P"
"1BTI","RPDFCLEPPYTGPCKARIIRYAYNAKAGLCQTFVYGGCRAKRNNFKSAEDCMRTCGGA","A","1"
"1BZ5","RPDFCLEPPYTGPCKARIIRYFYNAKAGLCQTFVYGGCRAKRNNFKSAEDCMRTCGGA","A","1"
,,"C"
,,"D"
,,"E"
,,"B"
"1BZX","IVGGYECKPYSQPHQVSLNSGYHFCGGSLVNENWVVSAAHCYKSRVEVRLGEHNIKVTEGSEQFISSSRVIRHPNYSSYNIDNDIMLIKLSKPATLNTYVQPVALPTSCAPAGTMCTVSGWGNTMSSTADSNKLQCLNIPILSYSDCNNSYPGMITNAMFCAGYLEGGKDSCQGDSGGPVVCNGELQGVVSWGYGCAEPGNPGVYAKVCIFNDWLTSTMASY","E","1"
,"RPDFCLEPPYTGPCKARIIRYFYNAKAGLCQTFVYGGCRAKRNNFKSAEDCMRTCGGA","I","2"
"1CA0","CGVPAIQPVLSGL","F","1"
,,"A"
,"IVNGEEAVPGSWPWQVSLQDKTGFHFCGGSLINENWVVTAAHCGVTTSDVVVAGEFDQGSSSEKIQKLKIAKVFKNSKYNSLTINNDITLLKLSTAASFSQTVSAVCLPSASDDFAAGTTCVTTGWGLTRY","B","2"
,,"G"
,"ANTPDRLQQASLPLLSNTNCKKYWGTKIKDAMICAGASGVSSCMGDSGGPLVCKKNGAWTLVGIVSWGSSTCSTSTPGVYARVTALVNWVQQTLAAN","C","3"
,,"H"
,"EVCSEQAETGPCRAMISRWYFDVTEGKCAPFFYGGCGGNRNNFDTEEYCMAVCG","D","4"
,,"I"
"1CBW","CGVPAIQPVLSGL","A","1"
,,"F"
,"IVNGEEAVPGSWPWQVSLQDKTGFHFCGGSLINENWVVTAAHCGVTTSDVVVAGEFDQGSSSEKIQKLKIAKVFKNSKYNSLTINNDITLLKLSTAASFSQTVSAVCLPSASDDFAAGTTCVTTGWGLTRY","B","2"
,,"G"
,"ANTPDRLQQASLPLLSNTNCKKYWGTKIKDAMICAGASGVSSCMGDSGGPLVCKKNGAWTLVGIVSWGSSTCSTSTPGVYARVTALVNWVQQTLAAN","C","3"
,,"H"
,"RPDFCLEPPYTGPCKARIIRYFYNAKAGLCQTFVYGGCRAKRNNFKSAEDCMRTCGGA","D","4"
,,"I"
"1D0D","YNRLCIKPRDWIDECDSNEGGERAYFRNGKGGCDSFWICPEDHTGADYYSSYRDCFNACI","A","1"
,"RPDFCLEPPYTGPCKARIIRYFYNAKAGLCQTFVYGGCRAKRNNFKSAEDCMRTCGGA","B","2"
"1EAW","VVGGTDADEGEWPWQVSLHALGQGHICGASLISPNWLVSAAHCYIDDRGFRYSDPTQWTAFLGLHDQSQRSAPGVQERRLKRIISHPFFNDFTFDYDIALLELEKPAEYSSMVRPICLPDASHVFPAGKAIWVTGWGHTQYGGTGALILQKGEIRVINQTTCENLLPQQITPRMMCVGFLSGGVDSCQGDSGGPLSSVEADGRIFQAGVVSWGDGCAQRNKPGVYTRLPLFRDWIKENTGV","A","1"
,,"C"
,"RPDFCLEPPYTGPCKARIIRYFYNAKAGLCQTFVYGGCRAKRNNFKSAEDCMRTCGGA","B","2"
,,"D"
"1EJM","IVGGYTCGANTVPYQVSLNSGYHFCGGSLINSQWVVSAAHCYKSGIQVRLGEDNINVVEGNEQFISASKSIVHPSYNSNTLNNDIMLIKLKSAASLNSRVASISLPTSCASAGTQCLISGWGNTKSSGTSYPDVLKCLKAPILSDSSCKSAYPGQITSNMFCAGYLEGGKDSCQGDSGGPVVCSGKLQGIVSWGSGCAQKNKPGVYTKVCNYVSWIKQTIASN","A","1"
,,"C"
,,"E"
,"RPDFCLEPPYTGPCRLRIIRYFYNAKAGLCQTFVYGGCRAKRNNFKSAEDCLRTCGGA","B","2"
,,"D"
,,"F"
"1F5R","EAFPVDDDDKGGYTCQENSVPYQVSLNSGYHFCGGSLINDQWVVSAAHCYKSRIQVRLGEHNINVLEGNEQFVNAAKIIKHPNFDRKTLNNDIMLIKLSSPVKLNARVATVALPSSCAPAGTQCLISGWGNTLSSGVNEPDLLKCLDAPLLPQADCEASYPGKITDNMVCVGFLEGGKDSCQGDSGGPVVCNGELQGIVSWGYGCALPDNPGVYTKVCNYVDWIQDTIAAN","A","1"
,"RPDFCLEPPYTGPCKARIIRYFYNAKAGLCQTFVYGGCRAKRNNFKSAEDCMRTCGGAIGPWENL","I","2"
"1F7Z","EAFPVDDDDAIVGGYTCQENSVPYQVSLNSGYHFCGGSLINDQWVVSAAHCYKSRIQVRLGEHNINVLEGNEQFVNAAKIIKHPNFDRKTLNNDIMLIKLSSPVKLNARVATVALPSSCAPAGTQCLISGWGNTLSSGVNEPDLLQCLDAPLLPQADCEASYPGKITDNMVCVGFLEGGKDSCQGDSGGPVVCNGELQGIVSWGYGCALPDNPGVYTKVCNYVDWIQDTIAAN","A","1"
,"RPDFCLEPPYTGPCKARIIRYFYNAKAGLCQTFVYGGCRAKRNNFKSAEDCMRTCGGAIGPWENL","I","2"
"1FAK","ANAFLEELRPGSLERECKEEQCSFEEAREIFKDAERTKLFWISYSDGDQCASSPCQNGGSCKDQLQSYICFCLPAFEGRNCETHKDDQLICVNENGGCEQYCSDHTGTKRSCRCHEGYSLLADGVSCTPTVEYPCGKIPILEKRNASKPQGR","L","1"
,"IVGGKVCPKGECPWQVLLLVNGAQLCGGTLINTIWVVSAAHCFDKIKNWRNLIAVLGEHDLSEHDGDEQSRRVAQVIIPSTYVPGTTNHDIALLRLHQPVVLTDHVVPLCLPERTFSERTLAFVRFSLVSGWGQLLDRGATALELMVLNVPRLMTQDCLQQSRKVGDSPNITEYMFCAGYSDGSKDSCKGDSGGPHATHYRGTWYLTGIVSWGQGCATVGHFGVYTRVSQYIEWLQKLMRSEPRPGVLLRAPFP","H","2"
,"NTVAAYNLTWKSTNFKTILEWEPKPVNQVYTVQISTKSGDWKSKCFYTTDTECDLTDEIVKDVKQTYLARVFSYPAGNVESTGSAGEPLYENSPEFTPYLETNLGQPTIQSFEQVGTKVNVTVEDERTLVRRNNTFLSLRDVFGKDLIYTLYYWKSSSSGKKTAKTNTNEFLIDVDKGENYCFSVQAVIPSRTVNRKSTDSPVECM","T","3"
,"APDFCLEPPYDGPCRALHLRYFYNAKAGLCQTFYYGGCLAKRNNFESAEDCMRTC","I","4"
"1FAN","RPDFCLEPPYTGPCKARIIRYFYNAKAGLCQTFVYGGCRAKRNNAKSAEDCMRTCGGA","A","1"
"1FY8","EAFPVDDDDKGGYTCQENSVPYQVSLNSGYHFCGGSLINDQWVVSAAHCYKSRIQVRLGEHNINVLEGNEQFVNAAKIIKHPNFDRKTLNNDIMLIKLSSPVKLNARVATVALPSSCAPAGTQCLISGWGNTLSSGVNEPDLLQCLDAPLLPQADCEASYPGKITDNMVCVGFLEGGKDSCQGDSGGPVVCNGELQGIVSWGYGCALPDNPGVYTKVCNYVDWIQDTIAAN","E","1"
,"RPDFCLEPPYTGPCKARIIRYFYNAKAGLCQTFVYGGCRAKRNNFKSAEDCMRTCGGA","I","2"
"1G6X","RPDFCLEPPYAGACRARIIRYFYNAKAGLCQTFVYGGCRAKRNNFKSAEDCLRTCGGA","A","1"
"1K6U","RPDFCLEPPYAGACRARIIRYFYNAKAGLCQTFVYGGCRAKRNNFKSAEDCLRTCGGA","A","1"
"1KNT","ETDICKLPKDEGTCRDFILKWYYDPNTKSCARFWYGGCGGNENKFGSQKECEKVCAPV","A","1"
"1KTH","ETDICKLPKDEGTCRDFILKWYYDPNTKSCARFWYGGCGGNENKFGSQKECEKVCAPV","A","1"
"1MTN","ANTPDRLQQASLPLLSNTNCKKYWGTKIKDAMICAGASGVSSCMGDSGGPLVCKKNGAWTLVGIVSWGSSTCSTSTPGVYARVTALVNWVQQTLAAN","C","3"
,,"G"
,"RPDFCLEPPYTGPCKARIIRYFYNAKAGLCQTFVYGGCRAKRNNFKSAEDCMRTCGGA","D","4"
,,"H"
,"IVNGEEAVPGSWPWQVSLQDKTGFHFCGGSLINENWVVTAAHCGVTTSDVVVAGEFDQGSSSEKIQKLKIAKVFKNSKYNSLTINNDITLLKLSTAASFSQTVSAVCLPSASDDFAAGTTCVTTGWGLTRY","B","2"
,,"F"
,"CGVPAIQPVLSGL","A","1"
,,"E"
"1NAG","RPDFCLEPPYTGPCKARIIRYFYNAKAGLCQTFVYGGCRAKRGNFKSAEDCMRTCGGA","A","1"
"1P2I","RPDFCLEPPYTGPCGARIIRYFYNAKAGLCQTFVYGGCRAKRNNFKSAEDCLRTCGGA","I","2"
,"IVGGYTCGANTVPYQVSLNSGYHFCGGSLINSQWVVSAAHCYKSGIQVRLGEDNINVVEGNEQFISASKSIVHPSYNSNTLNNDIMLIKLKSAASLNSRVASISLPTSCASAGTQCLISGWGNTKSSGTSYPDVLKCLKAPILSDSSCKSAYPGQITSNMFCAGYLEGGKDSCQGDSGGPVVCSGKLQGIVSWGSGCAQKNKPGVYTKVCNYVSWIKQTIASN","A","1"
"1P2J","RPDFCLEPPYTGPCLARIIRYFYNAKAGLCQTFVYGGCRAKRNNFKSAEDCLRTCGGA","I","2"
,"IVGGYTCGANTVPYQVSLNSGYHFCGGSLINSQWVVSAAHCYKSGIQVRLGEDNINVVEGNEQFISASKSIVHPSYNSNTLNNDIMLIKLKSAASLNSRVASISLPTSCASAGTQCLISGWGNTKSSGTSYPDVLKCLKAPILSDSSCKSAYPGQITSNMFCAGYLEGGKDSCQGDSGGPVVCSGKLQGIVSWGSGCAQKNKPGVYTKVCNYVSWIKQTIASN","A","1"
"1P2K","RPDFCLEPPYTGPCVARIIRYFYNAKAGLCQTFVYGGCRAKRNNFKSAEDCLRTCGGA","I","2"
,"IVGGYTCGANTVPYQVSLNSGYHFCGGSLINSQWVVSAAHCYKSGIQVRLGEDNINVVEGNEQFISASKSIVHPSYNSNTLNNDIMLIKLKSAASLNSRVASISLPTSCASAGTQCLISGWGNTKSSGTSYPDVLKCLKAPILSDSSCKSAYPGQITSNMFCAGYLEGGKDSCQGDSGGPVVCSGKLQGIVSWGSGCAQKNKPGVYTKVCNYVSWIKQTIASN","A","1"
"1P2M","RPDFCLEPPYTGPCGARIIRYFYNAKAGLCQTFVYGGCRAKRNNFKSAEDCLRTCGGA","B","2"
,,"D"
,"CGVPAIQPVLSGLSRIVNGEEAVPGSWPWQVSLQDKTGFHFCGGSLINENWVVTAAHCGVTTSDVVVAGEFDQGSSSEKIQKLKIAKVFKNSKYNSLTINNDITLLKLSTAASFSQTVSAVCLPSASDDFAAGTTCVTTGWGLTRYTNANTPDRLQQASLPLLSNTNCKKYWGTKIKDAMICAGASGVSSCMGDSGGPLVCKKNGAWTLVGIVSWGSSTCSTSTPGVYARVTALVNWVQQTLAAN","C","1"
,,"A"
"1P2N","RPDFCLEPPYTGPCLARIIRYFYNAKAGLCQTFVYGGCRAKRNNFKSAEDCLRTCGGA","B","2"
,,"D"
,"CGVPAIQPVLSGLSRIVNGEEAVPGSWPWQVSLQDKTGFHFCGGSLINENWVVTAAHCGVTTSDVVVAGEFDQGSSSEKIQKLKIAKVFKNSKYNSLTINNDITLLKLSTAASFSQTVSAVCLPSASDDFAAGTTCVTTGWGLTRYTNANTPDRLQQASLPLLSNTNCKKYWGTKIKDAMICAGASGVSSCMGDSGGPLVCKKNGAWTLVGIVSWGSSTCSTSTPGVYARVTALVNWVQQTLAAN","A","1"
,,"C"
"1P2O","RPDFCLEPPYTGPCVARIIRYFYNAKAGLCQTFVYGGCRAKRNNFKSAEDCLRTCGGA","B","2"
,,"D"
,"CGVPAIQPVLSGLSRIVNGEEAVPGSWPWQVSLQDKTGFHFCGGSLINENWVVTAAHCGVTTSDVVVAGEFDQGSSSEKIQKLKIAKVFKNSKYNSLTINNDITLLKLSTAASFSQTVSAVCLPSASDDFAAGTTCVTTGWGLTRYTNANTPDRLQQASLPLLSNTNCKKYWGTKIKDAMICAGASGVSSCMGDSGGPLVCKKNGAWTLVGIVSWGSSTCSTSTPGVYARVTALVNWVQQTLAAN","A","1"
,,"C"
"1P2Q","RPDFCLEPPYTGPCFARIIRYFYNAKAGLCQTFVYGGCRAKRNNFKSAEDCLRTCGGA","B","2"
,,"D"
,"CGVPAIQPVLSGLSRIVNGEEAVPGSWPWQVSLQDKTGFHFCGGSLINENWVVTAAHCGVTTSDVVVAGEFDQGSSSEKIQKLKIAKVFKNSKYNSLTINNDITLLKLSTAASFSQTVSAVCLPSASDDFAAGTTCVTTGWGLTRYTNANTPDRLQQASLPLLSNTNCKKYWGTKIKDAMICAGASGVSSCMGDSGGPLVCKKNGAWTLVGIVSWGSSTCSTSTPGVYARVTALVNWVQQTLAAN","A","1"
,,"C"
"1QLQ","RPDFCLEPPYAGACRARIIRYFYNAKAGLCQTFVYGGCRAKRNNFKSAEDCLRTCGGA","A","1"
"1T7C","RPDFCLEPPYTGPCEARIIRYFYNAKAGLCQTFVYGGCRAKRNNFKSAEDCLRTCGGA","B","2"
,,"D"
,"CGVPAIQPVLSGLSRIVNGEEAVPGSWPWQVSLQDKTGFHFCGGSLINENWVVTAAHCGVTTSDVVVAGEFDQGSSSEKIQKLKIAKVFKNSKYNSLTINNDITLLKLSTAASFSQTVSAVCLPSASDDFAAGTTCVTTGWGLTRYTNANTPDRLQQASLPLLSNTNCKKYWGTKIKDAMICAGASGVSSCMGDSGGPLVCKKNGAWTLVGIVSWGSSTCSTSTPGVYARVTALVNWVQQTLAAN","A","1"
,,"C"
"1T8L","CGVPAIQPVLSGLSRIVNGEEAVPGSWPWQVSLQDKTGFHFCGGSLINENWVVTAAHCGVTTSDVVVAGEFDQGSSSEKIQKLKIAKVFKNSKYNSLTINNDITLLKLSTAASFSQTVSAVCLPSASDDFAAGTTCVTTGWGLTRYTNANTPDRLQQASLPLLSNTNCKKYWGTKIKDAMICAGASGVSSCMGDSGGPLVCKKNGAWTLVGIVSWGSSTCSTSTPGVYARVTALVNWVQQTLAAN","A","1"
,,"C"
,"MRPDFCLEPPYTGPCMARIIRYFYNAKAGLCQTFVYGGCRAKRNNFKSAEDCLRTCGGA","B","2"
,,"D"
"1T8M","RPDFCLEPPYTGPCHARIIRYFYNAKAGLCQTFVYGGCRAKRNNFKSAEDCLRTCGGA","B","2"
,,"D"
,"CGVPAIQPVLSGLSRIVNGEEAVPGSWPWQVSLQDKTGFHFCGGSLINENWVVTAAHCGVTTSDVVVAGEFDQGSSSEKIQKLKIAKVFKNSKYNSLTINNDITLLKLSTAASFSQTVSAVCLPSASDDFAAGTTCVTTGWGLTRYTNANTPDRLQQASLPLLSNTNCKKYWGTKIKDAMICAGASGVSSCMGDSGGPLVCKKNGAWTLVGIVSWGSSTCSTSTPGVYARVTALVNWVQQTLAAN","A","1"
,,"C"
"1T8N","RPDFCLEPPYTGPCTARIIRYFYNAKAGLCQTFVYGGCRAKRNNFKSAEDCLRTCGGA","B","2"
,,"D"
,"CGVPAIQPVLSGLSRIVNGEEAVPGSWPWQVSLQDKTGFHFCGGSLINENWVVTAAHCGVTTSDVVVAGEFDQGSSSEKIQKLKIAKVFKNSKYNSLTINNDITLLKLSTAASFSQTVSAVCLPSASDDFAAGTTCVTTGWGLTRYTNANTPDRLQQASLPLLSNTNCKKYWGTKIKDAMICAGASGVSSCMGDSGGPLVCKKNGAWTLVGIVSWGSSTCSTSTPGVYARVTALVNWVQQTLAAN","A","1"
,,"C"
"1T8O","RPDFCLEPPYTGPCWARIIRYFYNAKAGLCQTFVYGGCRAKRNNFKSAEDCLRTCGGA","B","2"
,,"D"
,"CGVPAIQPVLSGLSRIVNGEEAVPGSWPWQVSLQDKTGFHFCGGSLINENWVVTAAHCGVTTSDVVVAGEFDQGSSSEKIQKLKIAKVFKNSKYNSLTINNDITLLKLSTAASFSQTVSAVCLPSASDDFAAGTTCVTTGWGLTRYTNANTPDRLQQASLPLLSNTNCKKYWGTKIKDAMICAGASGVSSCMGDSGGPLVCKKNGAWTLVGIVSWGSSTCSTSTPGVYARVTALVNWVQQTLAAN","A","1"
,,"C"
"1TAW","VREVCSEQAETGPCRAMISRWYFDVTEGKCAPFFYGGCGGNRNNFDTEEYCMAVCGSA","B","2"
,"IVGGYTCGANTVPYQVSLNSGYHFCGGSLINSQWVVSAAHCYKSGIQVRLGEDNINVVEGNEQFISASKSIVHPSYNSNTLNNDIMLIKLKSAASLNSRVASISLPTSCASAGTQCLISGWGNTKSSGTSYPDVLKCLKAPILSTSSCKSAYPGQITSNMFCAGYLEGGKDSCQGDSGGPVVCSGKLQGIVSWGSGCAQKNKPGVYTKVCNYVSWIKQTIASN","A","1"
"1TFX","KPDFCFLEEDPGICRGYITRYFYNNQTKQCERFKYGGCLGNMNNFETLEECKNICEDG","C","2"
,,"D"
,"IVGGYTCAANSIPYQVSLNSGSHFCGGSLINSQWVVSAAHCYKSRIQVRLGEHNIDVLEGNEQFINAAKIITHPNFNGNTLDNDIMLIKLSSPATLNSRVATVSLPRSCAAAGTECLISGWGNTKSSGSSYPSLLQCLKAPVLSDSSCKSSYPGQITGNMICVGFLEGGKDSCQGDSGGPVVCNGQLQGIVSWGYGCAQKNKPGVYTKVCNYVNWIQQTIAAN","B","1"
,,"A"
"1TPA","IVGGYTCGANTVPYQVSLNSGYHFCGGSLINSQWVVSAAHCYKSGIQVRLGEDNINVVEGNEQFISASKSIVHPSYNSNTLNNDIMLIKLKSAASLNSRVASISLPTSCASAGTQCLISGWGNTKSSGTSYPDVLKCLKAPILSDSSCKSAYPGQITSNMFCAGYLEGGKDSCQGDSGGPVVCSGKLQGIVSWGSGCAQKNKPGVYTKVCNYVSWIKQTIASN","E","1"
,"RPDFCLEPPYTGPCKARIIRYFYNAKAGLCQTFVYGGCRAKRNNFKSAEDCMRTCGGA","I","2"
"1YC0","MKHQHQHQHQHQHQMHQTEDYCLASNKVGRCRGSFPRWYYDPTEQICKSFVYGGCLGNKNNYLREEECILACRGV","I","2"
,"VQLSPDLLATLPEPASPGRQACGRRHKKRTFLRPRIIGGSSSLPGSHPWLAAIYIGDSFCAGSLVHTCWVVSAAHCFSHSPPRDSVSVVLGQHFFNRTTDVTQTFGIEKYIPYTLYSVFNPSDHDLVLIRLKKKGDRCATRSQFVQPICLPEPGSTFPAGHKCQIAGWGHLDENVSGYSSSLREALVPLVADHKCSSPEVYGADISPNMLCAGYFDCKSDACQGDSGGPLACEKNGVAYLYGIISWGDGCGRLHKPGVYTRVANYVDWINDRIRPPRRLVAPS","A","1"
"1YKT","IVGGYTCQENSVPYQVSLNSGYHFCGGSLINDQWVVSAAHCYKSRIQVRLGEHNINVLEGNEQFVNAAKIIKHPNFDRKTLNNDIMLIKLSSPVKLNARVATVALPSSCAPAGTQCLISGWGNTLSSGVNEPDLLQCLDAPLLPQADCEASYPGKITDNMVCVGFLEGGKDSCQGDAGGPVVCNGELQGIVSWGYGCALPDNPGVYTKVCNYVDWIQDTIAAN","A","1"
,"RPDFCLEPPYTGPCKARIIRYFYNAKAGLCQTFVYGGCRAKRNNFKSAEDCMRTCG","B","2"
"1YLC","RPDFALEPPYTGPCKARIIRYFYNAKAGLAQTFVYGGCRAKRNNFKSAEDAMRTAG","B","2"
,"IVGGYTCQENSVPYQVSLNSGYHFCGGSLINDQWVVSAAHCYKSRIQVRLGEHNINVLEGNEQFVNAAKIIKHPNFDRKTLNNDIMLIKLSSPVKLNARVATVALPSSCAPAGTQCLISGWGNTLSSGVNEPDLLQCLDAPLLPQADCEASYPGKITDNMVCVGFLEGGKDSCQGDAGGPVVCNGELQGIVSWGYGCALPDNPGVYTKVCNYVDWIQDTIAAN","A","1"
"1YLD","IVGGYTCQENSVPYQVSLNSGYHFCGGSLINDQWVVSAAHCYKSRIQVRLGEHNINVLEGNEQFVNAAKIIKHPNFDRKTLNNDIMLIKLSSPVKLNARVATVALPSSCAPAGTQCLISGWGNTLSSGVNEPDLLQCLDAPLLPQADCEASYPGKITDNMVCVGFLEGGKDSCQGDAGGPVVCNGELQGIVSWGYGCALPDNPGVYTKVCNYVDWIQDTIAAN","A","1"
,"RPDFALEPPYTGPCKARIIRYFYNAPDGLAQTFVYGGCRAKRNNFKSAEDAMRTAG","B","2"
"1ZJD","EVCSEQAETGPCRAMISRWYFDVTEGKCAPFFYGGCGGNRNNFDTEEYCMAVCGSAI","B","2"
,"IVGGTASVRGEWPWQVTLHTTSPTQRHLCGGSIIGNQWILTAAHCFYGVESPKILRVYSGILNQAEIKEDTSFFGVQEIIIHDQYKMAESGYDIALLKLETTVNYADSQRPISLPSKGDRNVIYTDCWVTGWGYRKLRDKIQNTLQKAKIPLVTNEECQKRYRGHKITHKMICAGYREGGKDACKGDSGGPLSCKHNEVWHLVGITSWGEGCAQRERPGVYTNVVEYVDWILEKTQA","A","1"
"1ZR0","PTGNNAEICLLPLDYGPCRALLLRYYYDRYTQSCRQFLYGGCEGNANNFYTWEACDDACWRIE","B","2"
,,"D"
,"IVGGYTCGANTVPYQVSLNSGYHFCGGSLINSQWVVSAAHCYKSGIQVRLGEDNINVVEGNEQFISASKSIVHPSYNSNTLNNDIMLIKLKSAASLNSRVASISLPTSCASAGTQCLISGWGNTKSSGTSYPDVLKCLKAPILSTSSCKSAYPGQITSNMFCAGYLEGGKDSCQGDSGGPVVCSGKLQGIVSWGSGCAQKNKPGVYTKVCNYVSWIKQTIASN","A","1"
,,"C"
"2FI3","RPDFCLEPPYTGPSKARIIRYFYNAKAGLCQTFVYGGSRAKRNNFKSAEDCMRTCGGA","I","2"
,"IVGGYTCGANTVPYQVSLNSGYHFCGGSLINSQWVVSAAHCYKSGIQVRLGEDNINVVEGNEQFISASKSIVHPSYNSNTLNNDIMLIKLKSAASLNSRVASISLPTSCASAGTQCLISGWGNTKSSGTSYPDVLKCLKAPILSDSSCKSAYPGQITSNMFCAGYLEGGKDSCQGDSGGPVVCSGKLQGIVSWGSGCAQKNKPGVYTKVCNYVSWIKQTIASN","E","1"
"2FI4","RPDFCLEPPYTGPSKARIIRYFYNAKAGLCQTFVYGGCRAKRNNFKSAEDCMRTCGGA","I","2"
,"IVGGYTCGANTVPYQVSLNSGYHFCGGSLINSQWVVSAAHCYKSGIQVRLGEDNINVVEGNEQFISASKSIVHPSYNSNTLNNDIMLIKLKSAASLDSRVASISLPTSCASAGTQCLISGWGNTKSSGTSYPDVLKCLKAPILSDSSCKSAYPGQITSNMFCAGYLEGGKDSCQGDSGGPVVCSGKLQGIVSWGSGCAQKNKPGVYTKVCNYVSWIKQTIASN","E","1"
"2FI5","IVGGYTCGANTVPYQVSLNSGYHFCGGSLINSQWVVSAAHCYKSGIQVRLGEDNINVVEGNEQFISASKSIVHPSYNSNTLNNDIMLIKLKSAASLDSRVASISLPTSCASAGTQCLISGWGNTKSSGTSYPDVLKCLKAPILSDSSCKSAYPGQITSNMFCAGYLEGGKDSCQGDSGGPVVCSGKLQGIVSWGSGCAQKNKPGVYTKVCNYVSWIKQTIASN","E","1"
,"RPDFCLEPPYTGPCKARIIRYFYNAKAGLCQTFVYGGSRAKRNNFKSAEDCMRTCGGA","I","2"
"2FTL","RPDFCLEPPYTGPCKARIIRYFYNAKAGLCQTFVYGGCRAKRNNFKSAEDCMRTCGGA","I","2"
,"IVGGYTCGANTVPYQVSLNSGYHFCGGSLINSQWVVSAAHCYKSGIQVRLGEDNINVVEGNEQFISASKSIVHPSYNSNTLNNDIMLIKLKSAASLDSRVASISLPTSCASAGTQCLISGWGNTKSSGTSYPDVLKCLKAPILSDSSCKSAYPGQITSNMFCAGYLEGGKDSCQGDSGGPVVCSGKLQGIVSWGSGCAQKNKPGVYTKVCNYVSWIKQTIASN","E","1"
"2FTM","IVGGYTCGANTVPYQVSLNSGYHFCGGSLINSQWVVSAAHCYKSGIQVRLGEDNINVVEGNEQFISASKSIVHPSYNSNTLNNDIMLIKLKSAASLDSRVASISLPTSCASAGTQCLISGWGNTKSSGTSYPDVLKCLKAPILSDSSCKSAYPGQITSNMFCAGYLEGGKDSCQGDSGGPVVCSGKLQGIVSWGSGCAQKNKPGVYTKVCNYVSWIKQTIASN","A","1"
,"RPDFCLEPPYTGPCKARIIRYFYNAKAGLCQTFVGGGCRAKRNNFKSAEDCMRTCGGA","B","2"
"2HEX","RPDFCLEPPYTGPCKARIIRYFYNAKAGLCQTFVYGGCRAKRNNFKSAEDCMRTCGGA","B","1"
,,"C"
,,"D"
,,"E"
,,"A"
"2IJO","RPDFCLEPPYTGPCKARIIRYFYNAKAGLCQTFVYGGCRAKRNNFKSAEDCMRTCGGA","I","3"
,"GGVLWDTPSPKEYKKGDTTTGVYRIMTRGLLGSYQAGAGVMVEGVFHTLWHTTKGAALMSGEGRLDPYWGSVKEDRLCYGGPWQLQHKWNGQDEVQMIVVEPGRNVKNVQTKPGVFKTPEGEIGAVTLDFPTGTSGSPIVDKNGDVIGLYGNGVIMPNGSYISAIVQGERMDEPIPAGFEPEMLKGHHHHHH","B","2"
,"MSTDMWIERTADISWESDAEITGSSERVDVRLDDDGNFQLMNDPGAPWAGGGGSGGGG","A","1"
"2KAI","RPDFCLEPPYTGPCKARIIRYFYNAKAGLCQTFVYGGCRAKRNNFKSAEDCMRTCGGA","I","3"
,"ADGKDYSHDLMLLRLQSPAKITDAVKVLELPTQEPELGSTCEASGWGSIEPGPDDFEFPDEIQCVQLTLLQNTFCADAHPDKVTESMLCAGYLPGGKDTCMGDSGGPLICNGMWQGITSWGHTPCGSANKPSIYTKLIFYLDWIDDTITENP","B","2"
,"IIGGRECEKNSHPWQVAIYHYSSFQCGGVLVNPKWVLTAAHCKNDNYEVWLGRHNLFENENTAQFFGVTADFPHPGFNLS","A","1"
"2KNT","ETDICKLPKDEGTCRDFILKWYYDPNTKSCARFWYGGCGGNENKFGSQKECEKVCAPV","A","1"
"2PTC","RPDFCLEPPYTGPCKARIIRYFYNAKAGLCQTFVYGGCRAKRNNFKSAEDCMRTCGGA","I","2"
,"IVGGYTCGANTVPYQVSLNSGYHFCGGSLINSQWVVSAAHCYKSGIQVRLGEDNINVVEGNEQFISASKSIVHPSYNSNTLNNDIMLIKLKSAASLNSRVASISLPTSCASAGTQCLISGWGNTKSSGTSYPDVLKCLKAPILSDSSCKSAYPGQITSNMFCAGYLEGGKDSCQGDSGGPVVCSGKLQGIVSWGSGCAQKNKPGVYTKVCNYVSWIKQTIASN","E","1"
"2R9P","RPDFCLEPPYTGPCKARIIRYFYNAKAGLCQTFVYGGCRAKRNNFKSAEDCMRTCGGA","I","2"
,,"E"
,,"F"
,,"G"
,"IVGGYTCEENSLPYQVSLNSGSHFCGGSLISEQWVVSAAHCYKTRIQVRLGEHNIKVLEGNEQFINAAKIIRHPKYNRDTLDNDIMLIKLSSPAVINARVSTISLPTAPPAAGTECLISGWGNTLSFGADYPDELKCLDAPVLTQAECKASYPGKITNSMFCVGFLEGGKDSCQRDAGGPVVCNGQLQGVVSWGHGCAWKNRPGVYTKVYNYVDWIKDTIAANS","A","1"
,,"B"
,,"C"
,,"D"
"2RA3","IVGGYNCEENSVPYQVSLNSGYHFCGGSLINEQWVVSAGHCYKSRIQVRLGEHNIEVLEGNEQFINAAKIIRHPQYDRKTLNNDIMLIKLSSRAVINAHVSTISLPTAPPATGTKCLISGWGNTASSGADYPDELQCLDAPVLSQAKCEASYPGKITSNMFCVGFLEGGKDSCQGDAGGPVVCNGQLQGVVSWGDGCAQKNKPGVYTKVYNYVKWIKNTIAANS","A","1"
,,"B"
,"RPDFCLEPPYTGPCKARIIRYFYNAKAGLCQTFVYGGCRAKRNNFKSAEDCMRTCGGA","I","2"
,,"C"
"2TGP","RPDFCLEPPYTGPCKARIIRYFYNAKAGLCQTFVYGGCRAKRNNFKSAEDCMRTCGGA","I","2"
,"VDDDDKIVGGYTCGANTVPYQVSLNSGYHFCGGSLINSQWVVSAAHCYKSGIQVRLGEDNINVVEGNEQFISASKSIVHPSYNSNTLNNDIMLIKLKSAASLNSRVASISLPTSCASAGTQCLISGWGNTKSSGTSYPDVLKCLKAPILSDSSCKSAYPGQITSNMFCAGYLEGGKDSCQGDSGGPVVCSGKLQGIVSWGSGCAQKNKPGVYTKVCNYVSWIKQTIASN","Z","1"
"2TPI","RPDFCLEPPYTGPCKARIIRYFYNAKAGLCQTFVYGGCRAKRNNFKSAEDCMRTCGGA","I","2"
,"VDDDDKIVGGYTCGANTVPYQVSLNSGYHFCGGSLINSQWVVSAAHCYKSGIQVRLGEDNINVVEGNEQFISASKSIVHPSYNSNTLNNDIMLIKLKSAASLNSRVASISLPTSCASAGTQCLISGWGNTKSSGTSYPDVLKCLKAPILSDSSCKSAYPGQITSNMFCAGYLEGGKDSCQGDSGGPVVCSGKLQGIVSWGSGCAQKNKPGVYTKVCNYVSWIKQTIASN","Z","1"
"2ZJX","RPDFCLEPPYTGPGKARIIRYFYNAKAGLAQTFVYGGARAKRNNFKSAEDALRTCGGA","A","1"
,,"B"
"2ZVX","RPDFCLEPPYTGPGKARIIRYFYNAKAGLAQTFVYGGVRAKRNNFKSAEDALRTCGGA","A","1"
,,"B"
"3BTD","RPDFCLEPPYTGPCDARIIRYFYNAKAGLCQTFVYGGCRAKRNNFKSAEDCLRTCGGA","I","2"
,"IVGGYTCGANTVPYQVSLNSGYHFCGGSLINSQWVVSAAHCYKSGIQVRLGEDNINVVEGNEQFISASKSIVHPSYNSNTLNNDIMLIKLKSAASLNSRVASISLPTSCASAGTQCLISGWGNTKSSGTSYPDVLKCLKAPILSDSSCKSAYPGQITSNMFCAGYLEGGKDSCQGDSGGPVVCSGKLQGIVSWGSGCAQKNKPGVYTKVCNYVSWIKQTIASN","E","1"
"3BTE","RPDFCLEPPYTGPCEARIIRYFYNAKAGLCQTFVYGGCRAKRNNFKSAEDCLRTCGGA","I","2"
,"IVGGYTCGANTVPYQVSLNSGYHFCGGSLINSQWVVSAAHCYKSGIQVRLGEDNINVVEGNEQFISASKSIVHPSYNSNTLNNDIMLIKLKSAASLNSRVASISLPTSCASAGTQCLISGWGNTKSSGTSYPDVLKCLKAPILSDSSCKSAYPGQITSNMFCAGYLEGGKDSCQGDSGGPVVCSGKLQGIVSWGSGCAQKNKPGVYTKVCNYVSWIKQTIASN","E","1"
"3BTF","RPDFCLEPPYTGPCFARIIRYFYNAKAGLCQTFVYGGCRAKRNNFKSAEDCLRTCGGA","I","2"
,"IVGGYTCGANTVPYQVSLNSGYHFCGGSLINSQWVVSAAHCYKSGIQVRLGEDNINVVEGNEQFISASKSIVHPSYNSNTLNNDIMLIKLKSAASLNSRVASISLPTSCASAGTQCLISGWGNTKSSGTSYPDVLKCLKAPILSDSSCKSAYPGQITSNMFCAGYLEGGKDSCQGDSGGPVVCSGKLQGIVSWGSGCAQKNKPGVYTKVCNYVSWIKQTIASN","E","1"
"3BTG","RPDFCLEPPYTGPCGARIIRYFYNAKAGLCQTFVYGGCRAKRNNFKSAEDCLRTCGGA","I","2"
,"IVGGYTCGANTVPYQVSLNSGYHFCGGSLINSQWVVSAAHCYKSGIQVRLGEDNINVVEGNEQFISASKSIVHPSYNSNTLNNDIMLIKLKSAASLNSRVASISLPTSCASAGTQCLISGWGNTKSSGTSYPDVLKCLKAPILSDSSCKSAYPGQITSNMFCAGYLEGGKDSCQGDSGGPVVCSGKLQGIVSWGSGCAQKNKPGVYTKVCNYVSWIKQTIASN","E","1"
"3BTH","RPDFCLEPPYTGPCHARIIRYFYNAKAGLCQTFVYGGCRAKRNNFKSAEDCLRTCGGA","I","2"
,"IVGGYTCGANTVPYQVSLNSGYHFCGGSLINSQWVVSAAHCYKSGIQVRLGEDNINVVEGNEQFISASKSIVHPSYNSNTLNNDIMLIKLKSAASLNSRVASISLPTSCASAGTQCLISGWGNTKSSGTSYPDVLKCLKAPILSDSSCKSAYPGQITSNMFCAGYLEGGKDSCQGDSGGPVVCSGKLQGIVSWGSGCAQKNKPGVYTKVCNYVSWIKQTIASN","E","1"
"3BTK","RPDFCLEPPYTGPCKARIIRYFYNAKAGLCQTFVYGGCRAKRNNFKSAEDCMRTCGGA","I","2"
,"IVGGYTCGANTVPYQVSLNSGYHFCGGSLINSQWVVSAAHCYKSGIQVRLGEDNINVVEGNEQFISASKSIVHPSYNSNTLNNDIMLIKLKSAASLNSRVASISLPTSCASAGTQCLISGWGNTKSSGTSYPDVLKCLKAPILSDSSCKSAYPGQITSNMFCAGYLEGGKDSCQGDSGGPVVCSGKLQGIVSWGSGCAQKNKPGVYTKVCNYVSWIKQTIASN","E","1"
"3BTM","RPDFCLEPPYTGPCMARIIRYFYNAKAGLCQTFVYGGCRAKRNNFKSAEDCLRTCGGA","I","2"
,"IVGGYTCGANTVPYQVSLNSGYHFCGGSLINSQWVVSAAHCYKSGIQVRLGEDNINVVEGNEQFISASKSIVHPSYNSNTLNNDIMLIKLKSAASLNSRVASISLPTSCASAGTQCLISGWGNTKSSGTSYPDVLKCLKAPILSDSSCKSAYPGQITSNMFCAGYLEGGKDSCQGDSGGPVVCSGKLQGIVSWGSGCAQKNKPGVYTKVCNYVSWIKQTIASN","E","1"
"3BTQ","RPDFCLEPPYTGPCQARIIRYFYNAKAGLCQTFVYGGCRAKRNNFKSAEDCLRTCGGA","I","2"
,"IVGGYTCGANTVPYQVSLNSGYHFCGGSLINSQWVVSAAHCYKSGIQVRLGEDNINVVEGNEQFISASKSIVHPSYNSNTLNNDIMLIKLKSAASLNSRVASISLPTSCASAGTQCLISGWGNTKSSGTSYPDVLKCLKAPILSDSSCKSAYPGQITSNMFCAGYLEGGKDSCQGDSGGPVVCSGKLQGIVSWGSGCAQKNKPGVYTKVCNYVSWIKQTIASN","E","1"
"3BTT","RPDFCLEPPYTGPCTARIIRYFYNAKAGLCQTFVYGGCRAKRNNFKSAEDCLRTCGGA","I","2"
,"IVGGYTCGANTVPYQVSLNSGYHFCGGSLINSQWVVSAAHCYKSGIQVRLGEDNINVVEGNEQFISASKSIVHPSYNSNTLNNDIMLIKLKSAASLNSRVASISLPTSCASAGTQCLISGWGNTKSSGTSYPDVLKCLKAPILSDSSCKSAYPGQITSNMFCAGYLEGGKDSCQGDSGGPVVCSGKLQGIVSWGSGCAQKNKPGVYTKVCNYVSWIKQTIASN","E","1"
"3BTW","RPDFCLEPPYTGPCWARIIRYFYNAKAGLCQTFVYGGCRAKRNNFKSAEDCLRTCGGA","I","2"
,"IVGGYTCGANTVPYQVSLNSGYHFCGGSLINSQWVVSAAHCYKSGIQVRLGEDNINVVEGNEQFISASKSIVHPSYNSNTLNNDIMLIKLKSAASLNSRVASISLPTSCASAGTQCLISGWGNTKSSGTSYPDVLKCLKAPILSDSSCKSAYPGQITSNMFCAGYLEGGKDSCQGDSGGPVVCSGKLQGIVSWGSGCAQKNKPGVYTKVCNYVSWIKQTIASN","E","1"
"3FP6","RPDFCLEPPYTGPCKARIIRYFYNAKAGLCQTFVYGGCRAKRNNFKSAEDCMRTCGGA","I","2"
,"IVGGYTCQENSVPYQVSLNSGYHFCGGSLINDQWVVSAAHCYKSRIQVRLGEHNINVLEGNEQFVNAAKIIKHPNFDRKTLNNDIMLIKLSSPVKLNARVATVALPSSCAPAGTQCLISGWGNTLSSGVNEPDLLQCLDAPLLPQADCEASYPGKITDNMVCVGFLEGGKDSCQGDSGGPVVCNGELQGIVSWGYGCALPDNPGVYTKVCNYVDWIQDTIAAN","E","1"
"3FP7","ARIIRYFYNAKAGLCQTFVYGGCRAKRNNFKSAEDCMRTCGGA","J","3"
,"RPDFCLEPPYTGPCK","I","2"
,"IVGGYTCQENSVPYQVSLNSGYHFCGGSLINDQWVVSAAHCYKSRIQVRLGEHNINVLEGNEQFVNAAKIIKHPNFDRKTLNNDIMLIKLSSPVKLNARVATVALPSSCAPAGTQCLISGWGNTLSSGVNEPDLLQCLDAPLLPQADCEASYPGKITDNMVCVGFLEGGKDSCQGDAGGPVVCNGELQGIVSWGYGCALPDNPGVYTKVCNYVDWIQDTIAAN","E","1"
"3FP8","IVGGYTCQENSVPYQVSLNSGYHFCGGSLINDQWVVSAAHCYKSRIQVRLGEHNINVLEGNEQFVNAAKIIKHPNFDRKTLNNDIMLIKLSSPVKLNARVATVALPSSCAPAGTQCLISGWGNTLSSGVNEPDLLQCLDAPLLPQADCEASYPGKITDNMVCVGFLEGGKDSCQGDAGGPVVCNGELQGIVSWGYGCALPDNPGVYTKVCNYVDWIQDTIAAN","E","1"
,"RPDFCLEPPYTGPCKARIIRYFYNAKAGLCQTFVYGGCRAKRNNFKSAEDCMRTCGGA","I","2"
"3GYM","ITGGSSAVAGQWPWQVSITYEGVHVCGGSLVSEQWVLSAAHCFPSEHHKEAYEVKLGAHQLDSYSEDAKVSTLKDIIPHPSYLQEGSQGDIALLQLSRPITFSRYIRPISLPAAQASFPNGLHCTVTGWGHVAPSVSLLTPKPLQQLEVPLISRETCNSLYNIDAKPEEPHFVQEDMVCAGYVEGGKDACQGDSGGPLSCPVEGLWYLTGIVSWGDACGARNRPGVYTLASSYASWIQSKVTELQPRVVPQTQESQPDSNL","A","1"
,,"B"
,"RPDFCLEPPYTGPCKARIIRYFYNAKAGLCQTFVYGGCRAKRNNFKSAEDCMRTCGGA","I","2"
,,"J"
"3L33","VCSEQAETGPCRAMISRWYFDVTEGKCAPFFYGGCGGNRNNFDTEEYCMAVC","E","2"
,,"G"
,,"H"
,,"F"
,"IVGGYTCEENSLPYQVSLNSGSHFCGGSLISEQWVVSAAHCYKTRIQVRLGEHNIKVLEGNEQFINAAKIIRHPKYNRDTLDNDIMLIKLSSPAVINARVSTISLPTAPPAAGTECLISGWGNTLSFGADYPDELKCLDAPVLTQAECKASYPGKITNSMFCVGFLEGGKDSCQRDAGGPVVCNGQLQGVVSWGHGCAWKNRPGVYTKVYNYVDWIKDTIAANS","A","1"
,,"B"
,,"C"
,,"D"
"3LDI","RPDFCLEPPYTGPCKARIIRYFYNAKAGLCQTFVYGGCRAKRNNFKSAEDCMRTCGGA","A","1"
,,"B"
,,"D"
,,"E"
,,"C"
"3LDJ","RPDFCLEPPYTGPCKARIIRYFYNAKAGLCQTFVYGGCRAKRNNFKSAEDCMRTCGGA","A","1"
,,"B"
,,"C"
"3LDM","RPDFCLEPPYTGPCKARIIRYFYNAKAGLCQTFVYGGCRAKRNNFKSAEDCMRTCGGA","A","1"
,,"B"
,,"C"
,,"D"
,,"E"
"3OTJ","RPDFCLEPPYTGPCKARIIRYFYNAKAGLCQTFVYGGCRAKRNNFKSAEDCMRTCGGA","I","2"
,"IVGGYTCGANTVPYQVSLNSGYHFCGGSLINSQWVVSAAHCYKSGIQVRLGEDNINVVEGNEQFISASKSIVHPSYNSNTLNNDIMLIKLKSAASLNSRVASISLPTSCASAGTQCLISGWGNTKSSGTSYPDVLKCLKAPILSDSSCKSAYPGQITSNMFCAGYLEGGKDSCQGDSGGPVVCSGKLQGIVSWGSGCAQKNKPGVYTKVCNYVSWIKQTIASN","E","1"
"3P92","RPDFCLEPPYTGPCRAGIIRYFYNAKAGLCQTFVYGGCRAKRNNFKSAEDCMRTCGGA","E","2"
,"IVGGYTCEENSLPYQVSLNSGSHFCGGSLISEQWVVSAAHCYKTRIQVRLGEHNIKVLEGNEQFINAAKIIRHPKYNRDTLDNDIMLIKLSSPAVINARVSTISLPTAPPAAGTECLISGWGNTLSFGADYPDELKCLDAPVLTQAECKASYPGKITNSMFCVGFLEGGKDSCQRDAGGPVVCNGQLQGVVSWGHGCAWKNRPGVYTKVYNYVDWIKDTIAANS","A","1"
"3P95","RPDFCLEPPYTGPCRADIIRYFYNAKAGLCQTFVYGGCRAKRNNFKSAEDCMRTCGGA","E","2"
,"IVGGYTCEENSLPYQVSLNSGSHFCGGSLISEQWVVSAAHCYKTRIQVRLGEHNIKVLEGNEQFINAAKIIRHPKYNRDTLDNDIMLIKLSSPAVINARVSTISLPTAPPAAGTECLISGWGNTLSFGADYPDELKCLDAPVLTQAECKASYPGKITNSMFCVGFLEGGKDSCQRDAGGPVVCNGQLQGVVSWGHGCAWKNRPGVYTKVYNYVDWIKDTIAANS","A","1"
"3TGI","RPDFCLEPPYTGPCKARIIRYFYNAKAGLCQTFVYGGCRAKRNNFKSAEDCMRTCGGAIGPWENL","I","2"
,"IVGGYTCQENSVPYQVSLNSGYHFCGGSLINDQWVVSAAHCYKSRIQVRLGEHNINVLEGNEQFVNAAKIIKHPNFDRKTLNNDIMLIKLSSPVKLNARVATVALPSSCAPAGTQCLISGWGNTLSSGVNEPDLLQCLDAPLLPQADCEASYPGKITDNMVCVGFLEGGKDSCQGDSGGPVVCNGELQGIVSWGYGCALPDNPGVYTKVCNYVDWIQDTIAAN","E","1"
"3TGJ","RPDFCLEPPYTGPCKARIIRYFYNAKAGLCQTFVYGGCRAKRNNFKSAEDCMRTCGGAIGPWENL","I","2"
,"EAFPVDDDDKIVGGYTCQENSVPYQVSLNSGYHFCGGSLINDQWVVSAAHCYKSRIQVRLGEHNINVLEGNEQFVNAAKIIKHPNFDRKTLNNDIMLIKLSSPVKLNARVATVALPSSCAPAGTQCLISGWGNTLSSGVNEPDLLQCLDAPLLPQADCEASYPGKITDNMVCVGFLEGGKDSCQGDAGGPVVCNGELQGIVSWGYGCALPDNPGVYTKVCNYVDWIQDTIAAN","E","1"
"3TGK","RPDFCLEPPYTGPCKARIIRYFYNAKAGLCQTFVYGGCRAKRNNFKSAEDCMRTCGGAIGPWENL","I","2"
,"EAFPVDDDDKGGYTCQENSVPYQVSLNSGYHFCGGSLINDQWVVSAAHCYKSRIQVRLGEHNINVLEGNEQFVNAAKIIKHPNFDRKTLNNDIMLIKLSSPVKLNARVATVALPSSCAPAGTQCLISGWGNTLSSGVNEPDLLQCLDAPLLPQADCEASYPGKITDNMVCVGFLEGGKDSCQGNSGGPVVCNGELQGIVSWGYGCALPDNPGVYTKVCNYVDWIQDTIAAN","E","1"
"3TPI","VDDDDKIVGGYTCGANTVPYQVSLNSGYHFCGGSLINSQWVVSAAHCYKSGIQVRLGEDNINVVEGNEQFISASKSIVHPSYNSNTLNNDIMLIKLKSAASLNSRVASISLPTSCASAGTQCLISGWGNTKSSGTSYPDVLKCLKAPILSDSSCKSAYPGQITSNMFCAGYLEGGKDSCQGDSGGPVVCSGKLQGIVSWGSGCAQKNKPGVYTKVCNYVSWIKQTIASN","Z","1"
,"RPDFCLEPPYTGPCKARIIRYFYNAKAGLCQTFVYGGCRAKRNNFKSAEDCMRTCGGA","I","2"
"3U1J","RPDFCLEPPYTGPCKARIIRYFYNAKAGLCQTFVYGGCRAKRNNFKSAEDCMRTCGGA","E","3"
,"GGGGSGGGGSGVLWDVPSPPETQKAELEEGVYRIKQQGIFGKTQVGVGVQKEGVFHTMWHVTRGAVLTHNGKRLEPNWASVKKDLISYGGGWRLSAQWQKGEEVQVIAVEPGKNPKNFQTMPGTFQTTTGEIGAIALDFKPGTSGSPIINREGKVVGLYGNGVVTKNGGYVSGIAQTNAEPDGPTPELEEE","B","2"
,"GPLGSDLTVEKAADVTWEEEAEQTGVSHNLMITVDDDGTMRIKDDETENIL","A","1"
"3WNY","RPAFCLEPPYAGPGKARIIRYFYNAKAGAAQAFVYGGVRAKRNNFASAADALAACAAAGGKKK","A","1"
,,"C"
,,"E"
,,"G"
,,"B"
,,"F"
,,"H"
,,"I"
"4BQD","DSEEDEEHTIITDTELPPLKLMHSFCAFKADDGPCKAIMKRFFFNIFTRQCEEFIYGGCEGNQNRFESLEECKKMCTRD","A","1"
,,"B"
,"XFQSKPNVHVDGYFERLAAKL","D","2"
,,"C"
"4DG4","RPDFCLEPPYTGPCKARIIRYFYNAKAGLCQTFVYGGCRAKRNNFKSAEDCMRTCGGA","E","2"
,,"C"
,,"F"
,,"H"
,"IVGGYTCEENSLPYQVSLNSGYHFCGGSLISEQWVVSAAHCYKTRIQVRLGEHNIKVLEGNEQFINAAKIIRHPKYNRDTLDNDIMLIKLSSPAVINARVSTISLPTAPPAAGTECLISGWGNTLSFGADYPDELKCLDAPVLTQAECKASYPGKITNSMFCVGFLEGGKDSCQRDAGGPVVCNGQLQGVVSWGHGCAWKNRPGVYTKVYNYVDWIKDTIAANS","A","1"
,,"B"
,,"G"
,,"D"
"4DTG","QEKPDFCFLEEDPGICRGYITRYFYNNQTKQCERFKYGGCLGNMNNFETLEECKNICEDGHHHHHH","K","3"
,"EVQLVESGGGLVKPGGSLRLSCAASGFTFSNYAMSWVRQTPEKRLEWVATISRSGSYSYFPDSVQGRFTISRDNAKNSLYLQMNSLRAEDTAVYYCARLGGYDEGDAMDSWGQGTTVTVSSASTKGPSVFPLAPCSRSTSESTAALGCLVKDYFPEPVTVSWNSGALTSGVHTFPAVLQSSGLYSLSSVVTVPSSSLGTKTYTCNVDHKPSNTKVDKRVESK","H","2"
,"DIVMTQTPLSLSVTPGQPASISCKSSQSLLESDGKTYLNWYLQKPGQSPQLLIYLVSILDSGVPDRFSGSGSGTDFTLKISRVEAEDVGVYYCLQATHFPQTFGGGTKVEIKRTVAAPSVFIFPPSDEQLKSGTASVVCLLNNFYPREAKVQWKVDNALQSGNSQESVTEQDSKDSTYSLSSTLTLSKADYEKHKVYACEVTHQGLSSPVTKSFNRGEC","L","1"
"4ISL","VVGGTDADEGEWPWQVSLHALGQGHICGASLISPNWLVSAAHCYIDDRGFRYSDPTQWTAFLGLHDQSQRSAPGVQERRLKRIISHPFFNDFTFDYDIALLELEKPAEYSSMVRPICLPDASHVFPAGKAIWVTGWGHTQYGGTGALILQKGEIRVIQQTTCENLLPQQITPRMMCVGFLSGGVDSCQGDAGGPLSSVEADGRIFQAGVVSWGDGCAQRNKPGVYTRLPLFRDWIKENTGV","A","2"
,"QTEDYCLASNKVGRCRGSFPRWYYDPTEQICKSFVYGGCLGNKNNYLREEECILACRGVQ","B","1"
"4ISN","VVGGTDADEGEWPWQVSLHALGQGHICGASLISPNWLVSAAHCYIDDRGFRYSDPTQWTAFLGLHDQSQRSAPGVQERRLKRIISHPFFNDFTFDYDIALLELEKPAEYSSMVRPICLPDASHVFPAGKAIWVTGWGHTQYGGTGALILQKGEIRVIQQTTCENLLPQQITPRMMCVGFLSGGVDSCQGDSGGPLSSVEADGRIFQAGVVSWGDGCAQRNKPGVYTRLPLFRDWIKENTGV","A","2"
,"QTEDYCLASNKVGRCRGSFPRWYYDPTEQICKSFVYGGCLGNKNNYLREEECILACRGVQGP","B","1"
"4ISO","QTEDYCLASNKVGRCRGSFPRWYYDPTEQICKSFVYGGCLGNKNNYLREEECILACRGVQ","B","2"
,"VVGGTDADEGEWPWQVSLHALGQGHICGASLISPNWLVSAAHCYIDDRGFRYSDPTQWTAFLGLHDQSQRSAPGVQERRLKRIISHPFFNDFTFDYDIALLELEKPAEYSSMVRPICLPDASHVFPAGKAIWVTGWGHTQYGGTGALILQKGEIRVIQQTTCENLLPQQITPRMMCVGFLSGGVDSCQGDSGGPLSSVEADGRIFQAGVVSWGDGCAQRNKPGVYTRLPLFRDWIKENTGV","A","1"
"4PTI","RPDFCLEPPYTGPCKARIIRYFYNAKAGLCQTFVYGGCRAKRNNFKSAEDCMRTCGGA","A","1"
"4TPI","RPDFCLEPPYTGPCRARIIRYFYNAKAGLCQTFVYGGCRAKRNNFKSAEDCMRTCGGA","I","2"
,"VDDDDKIVGGYTCGANTVPYQVSLNSGYHFCGGSLINSQWVVSAAHCYKSGIQVRLGEDNINVVEGNEQFISASKSIVHPSYNSNTLNNDIMLIKLKSAASLNSRVASISLPTSCASAGTQCLISGWGNTKSSGTSYPDVLKCLKAPILSDSSCKSAYPGQITSNMFCAGYLEGGKDSCQGDSGGPVVCSGKLQGIVSWGSGCAQKNKPGVYTKVCNYVSWIKQTIASN","Z","1"
"4U30","TVAACANLPIVRGPCRAFIQLWAFDAVKGKCVLFPYGGCQGNGNKFYSEKECREYCGVP","X","2"
,,"Y"
,,"Z"
,,"W"
,"IVGGYTCEENSLPYQVSLNSGSHFCGGSLISEQWVVSAAHCYKTRIQVRLGEHNIKVLEGNEQFINAAKIIRHPKYNRDTLDNDIMLIKLSSPAVINARVSTISLPTAPPAAGTECLISGWGNTLSFGADYPDELKCLDAPVLTQAECKASYPGKITNSMFCVGFLEGGKDSCQRDAGGPVVCNGQLQGVVSWGHGCAWKNRPGVYTKVYNYVDWIKDTIAANS","A","1"
,,"B"
,,"C"
,,"D"
"4U32","IVGGYTCEENSLPYQVSLNSGSHFCGGSLISEQWVVSAAHCYKTRIQVRLGEHNIKVLEGNEQFINAAKIIRHPKYNRDTLDNDIMLIKLSSPAVINARVSTISLPTAPPAAGTECLISGWGNTLSFGADYPDELKCLDAPVLTQAECKASYPGKITNSMFCVGFLEGGKDSCQRDAGGPVVCNGQLQGVVSWGHGCAWKNRPGVYTKVYNYVDWIKDTIAANS","A","2"
,"IHDFCLVSKVVGRCRASMPRWWYNVTDGSCQLFVYGGCDGNSNNYLTKEECLKKC","X","1"
"4WWY","RPDFCLEPPYTGPCKARIIRYFYNAKAGLCQTFVYGGCRAKRNNFKSAEDCMRTCGGA","I","2"
,,"C"
,"IVGGYNCEENSVPYQVSLNSGYHFCGGSLINEQWVVSAGHCYKSRIQVRLGEHNIEVLEGNEQFINAAKIIRHPQYDRKTLNNDIMLIKLSSRAVINAHVSTISLPTAPPATGTKCLISGWGNTASSGADYPDELQCLDAPVLSQAKCEASYPGKITSNMFCVGFLEGGKDSCQRDSGGPVVCNGQLQGVVSWGDGCAQKNKPGVYTKVYNYVKWIKNTIAANS","A","1"
,,"B"
"4WXV","RPDFCLEPPYTGPCKARIIRYFYNAKAGLCQTFVYGGCRAKRNNFKSAEDCMRTC","C","2"
,,"I"
,"IVGGYNCEENSVPYQVSLNSGYHFCGGSLINEQWVVSAGHCYKSRIQVRLGEHNIEVLEGNEQFINAAKIIRHPQYDRDTLNNDIMLIKLSSRAVINAHVSTISLPTAPPATGTKCLISGWGNTASSGADYPDELQCLDAPVLSQAKCEASYPGKITSNMFCVGFLEGGKDSCQGDAGGPVVCNGQLQGVVSWGDGCAQKNKPGVYTKVYNYVKWIKNTIAANS","A","1"
,,"B"
"4Y0Y","RPDFCLEPPYTGPCKARIIRYFYNAKAGLCQTFVYGGCRAKRNNFKSAEDCMRTCGGA","I","2"
,"IVGGYTCGANTVPYQVSLNSGYHFCGGSLINSQWVVSAAHCYKSGIQVRLGEDNINVVEGNEQFISASKSIVHPSYNSNTLNNDIMLIKLKSAASLNSRVASISLPTSCASAGTQCLISGWGNTKSSGTSYPDVLKCLKAPILSDSSCKSAYPGQITSNMFCAGYLEGGKDSCQGDSGGPVVCSGKLQGIVSWGSGCAQKNKPGVYTKVCNYVSWIKQTIASN","E","1"
"4Y0Z","RPDFCLEPPYTGPCAARIIRYFYNAKAGLCQTFVYGGCRAKRNNFKSAEDCMRTCGGA","I","2"
,"IVGGYTCGANTVPYQVSLNSGYHFCGGSLINSQWVVSAAHCYKSGIQVRLGEDNINVVEGNEQFISASKSIVHPSYNSNTLNNDIMLIKLKSAASLNSRVASISLPTSCASAGTQCLISGWGNTKSSGTSYPDVLKCLKAPILSDSSCKSAYPGQITSNMFCAGYLEGGKDSCQGDSGGPVVCSGKLQGIVSWGSGCAQKNKPGVYTKVCNYVSWIKQTIASN","E","1"
"4Y10","RPDFCLEPPYTGPCXARIIRYFYNAKAGLCQTFVYGGCRAKRNNFKSAEDCMRTCGGA","I","2"
,"IVGGYTCGANTVPYQVSLNSGYHFCGGSLINSQWVVSAAHCYKSGIQVRLGEDNINVVEGNEQFISASKSIVHPSYNSNTLNNDIMLIKLKSAASLNSRVASISLPTSCASAGTQCLISGWGNTKSSGTSYPDVLKCLKAPILSDSSCKSAYPGQITSNMFCAGYLEGGKDSCQGDSGGPVVCSGKLQGIVSWGSGCAQKNKPGVYTKVCNYVSWIKQTIASN","E","1"
"4Y11","RPDFCLEPPYTGPCXARIIRYFYNAKAGLCQTFVYGGCRAKRNNFKSAEDCMRTCGGA","I","2"
,"IVGGYTCGANTVPYQVSLNSGYHFCGGSLINSQWVVSAAHCYKSGIQVRLGEDNINVVEGNEQFISASKSIVHPSYNSNTLNNDIMLIKLKSAASLNSRVASISLPTSCASAGTQCLISGWGNTKSSGTSYPDVLKCLKAPILSDSSCKSAYPGQITSNMFCAGYLEGGKDSCQGDSGGPVVCSGKLQGIVSWGSGCAQKNKPGVYTKVCNYVSWIKQTIASN","E","1"
"5JB4","RPAFCLEPPYAGPGAAAIIRYFYNAAAGAAQAFVYGGVRAKRNNFASAADALAACAAA","A","1"
,,"B"
,,"C"
"5JB5","RPAFCLEPPYAGPGAAAIIRYFYNAAAGAAQAFVYGGVAAKRNNFASAADALAACAAA","A","1"
,,"B"
,,"C"
"5JB6","RPAFCLEAPYAGPGAAAIIRYFYNAAAGAAQAFVYGGVAAKRNNFASAADALAACAAA","A","1"
,,"B"
,,"C"
"5JB7","RPAFCLEAPYAGPGAAAIIRYFYNAAAGAAQAFVYGGVAAKRNNFASAAAALAACAAA","A","1"
,,"B"
,,"C"
"5JBT","MPRWYFDLSKGKCVRFIYGGCGGNRNNFESEDYCMAVC","Y","3"
,"KAVCSQEAMTGPCR","X","2"
,"IVGGYTCEENSLPYQVSLNSGSHFCGGSLISEQWVVSAAHCYKTRIQVRLGEHNIKVLEGNEQFINAAKIIRHPKYNRDTLDNDIMLIKLSSPAVINARVSTISLPTAPPAAGTECLISGWGNTLSFGADYPDELKCLDAPVLTQAECKASYPGKITNSMFCVGFLEGGKDSCQRDAGGPVVCNGQLQGVVSWGHGCAWKNRPGVYTKVYNYVDWIKDTIAANS","A","1"
"5NX1","YVDYKDDDDKEFEVCSEQAETGPCRAMISRWYFDVTEGKCAPFFYGGCGGNRNNFDTEEYCMAVCGSAIPRHHHHHHAAAN","C","4"
,"AMISRWYFDVTEGKCAPFFYGGCGGNRNNFDTEEYCMAVCGSAIPRHHHHHHAAAN","D","3"
,"YVDYKDDDDKEFEVCSEQAETGPCR","B","2"
,"LVHGGPCDKTSHPYQAALYTSGHLLCGGVLIHPLWVLTAAHCKKPNLQVFLGKHNLGQQESSQEQSSVVRAVIHPDYDAASHDQDIMLLRLARPAKLSELIQPLPLERDCSAQTTSCHILGWGKTADGDFPDTIQCAYIHLVSREECEHAYPGQITQNMLCAGDEKYGKDSCQGDSGGPLVCGDHLRGLVSWGNIPCGSKEKPGVYTNVCRYTNWIQKTIQAK","A","1"
"5NX3","YVDYKDDDDKEFEVCSEQAETGPCRALFFRWYFDVTEGKCAPFVYGGCGGNRNNFDTEEYCMAVCGSAIPRHHHHHHAAAN","C","4"
,"ALFFRWYFDVTEGKCAPFVYGGCGGNRNNFDTEEYCMAVCGSAIPRHHHHHHAAAN","D","3"
,"YVDYKDDDDKEFEVCSEQAETGPCR","B","2"
,"LVHGGPCDKTSHPYQAALYTSGHLLCGGVLIHPLWVLTAAHCKKPNLQVFLGKHNLGQQESSQEQSSVVRAVIHPDYDAASHDQDIMLLRLARPAKLSELIQPLPLERDCSAQTTSCHILGWGKTADGDFPDTIQCAYIHLVSREECEHAYPGQITQNMLCAGDEKYGKDSCQGDSGGPLVCGDHLRGLVSWGNIPCGSKEKPGVYTNVCRYTNWIQKTIQAK","A","1"
"5PTI","RPDFCLEPPYTGPCKARIIRYFYNAKAGLCQTFVYGGCRAKRNNFKSAEDCMRTCGGA","A","1"
"5XX2","RPDFCLEPPYTGPGKARIIRYFYNAKAGLAQTFVYGGLRAKRNNFKSAEDALRTCGGA","A","1"
,,"B"
"5XX3","RPDFCLEPPYTGPGKARIIRYFYNAKAGLAQTFVYGGGRAKRNNFKSAEDALRTCGGA","A","1"
,,"B"
"5XX4","RPDFCLEPPYTGPGKARIIRYFYNAKAGLAQTFVYGGKRAKRNNFKSAEDALRTCGGA","A","1"
,,"B"
"5XX5","RPDFCLEPPYTGPGKARIIRYFYNAKAGLAQTFVYGGIRAKRNNFKSAEDALRTCGGA","A","1"
,,"B"
"5XX6","RPDFCLEPPYTGPGKARIIRYFYNAKAGLAQTFVYGGIRAKRNNFKSAEDALRTCGGA","A","1"
,,"B"
"5XX7","RPDFCLEPPYTGPGKARIIRYFYNAKAGLAQTFVYGGIRAKRNNFKSAEDALRTCGGA","A","1"
,,"D"
"5XX8","RPDFCLEPPYTGPGKARIIRYFYNAKAGLAQTFVYGGIRAKRNNFKSAEDALRTCGGA","A","1"
,,"B"
"5YVU","RPDFCLEPPYTGPCKARIIRYFYNAKAGLCQTFVYGGCRAKRNNFKSAEDCMRTC","I","3"
,"FKPGTSGSADLSLEKAANVQWDEMADITGSSPIIEVKQDEDGSFSIRDVEETNMI","A","2"
,"GGGGSGGGGSGALWDVPSPAATQKATLSEGVYRIMQRGLFGKTQVGVGIHMEGVFHTMWHVTRGSVICHETGRLEPSWADVRNDMISYGGGWRLGDKWDKEEDVQVLAIEPGKNPKHVQTKPGLFKTLTGEIGAVTLDFKPGTAGSPIINKKGKVIGLYGNGVVTKSGDYVSAITQAERIGEPDYEVDEDIFRKKRLTIMDLHPGAGKTKRILPSIVREALKRRLRTLILAPTRVVAAEMEEALRGLPIRYQTPAVKSEHTGREIVDLMCHATFTTRLLSSTRVPNYNLIVMDEAHFTDPCSVAARGYISTRVEMGEAAAIFMTATPPGSIDPFPQSNSPIEDIEREIPERSWNTGFDWITDYQGKTVWFVPSIKAGNDIANCLRKSGKKVIQLSRKTFDTEYPKTKLTDWDFVVTTDISEMGANFRAGRVIDPRRCLKPVILTDGPERVILAGPIPVTPASAAQRRGRIGRNPAQEDDQYVFSGDPLKNDEDHAHWTEAKMLLDNIYTPEGIIPTLFGPEREKTQAIDGEFRLRGEQRKTFVELMRRGDLPVWLSYKVASAGISYKDREWCFTGERNNQILEENMEVEIWTREGEKKKLRPKWLDARVYADPMALKDFKEFASGRK","B","1"
"5YW1","SGALWDVPSPAATQKATLSEGVYRIMQRGLFGKTQVGVGIHMEGVFHTMWHVTRGSVICHETGRLEPSWADVRNDMISYGGGWRLGDKWDKEEDVQVLAIEPGKNPKHVQTKPGLFKTLTGEIGAVTLDFKPGTSGSPIINKKGKVIGLYGNGVVTKSGDYVSAITQAERIGEPDYEVDEDIFRKKRLTIMDLHPGAGKTKRILPSIVREALKRRLRTLILAPTRVVAAEMEEALRGLPIRYQTPAVKSEHTGREIVDLMCHATFTTRLLSSTRVPNYNLIVMDEAHFTDPCSVAARGYISTRVEMGEAAAIFMTATPPGSIDPFPQSNSPIEDIEREIPERSWNTGFDWITDYQGKTVWFVPSIKAGNDIANCLRKSGKKVIQLSRKTFDTEYPKTKLTDWDFVVTTDISEMGANFRAGRVIDPRRCLKPVILTDGPERVILAGPIPVTPASAAQRRGRIGRNPAQEDDQYVFSGDPLKNDEDHAHWTEAKMLLDNIYTPEGIIPTLFGPEREKTQAIDGEFRLRGEQRKTFVELMRRGDLPVWLSYKVASAGISYKDREWCFTGERNNQILEENMEVEIWTREGEKKKLRPKWLDARVYADPMALKDFKEFASGRK","B","1"
,"RPDFCLEPPYTGPCKARMIRYFYNAKAGLCQPFVYGGCRAKRNNFKSSEDCMRTC","I","3"
,"GADLSLEKAANVQWDEMADITGSSPIIEVKQDEDGSFSIRDVEETNMIGVKTQR","A","2"
"6F1F","RPDFCLEPPYTGPCKARIIRYFYNAKAGLCQTFVYGGCRAKRNNFKSAEDCMRTCGGA","A","1"
,,"B"
,,"C"
,,"D"
,,"E"
"6PTI","RPDFCLEPPYTGPCKARIIRYFYNAKAGLCQTFVYGGCRAKRNNFKSAEDCMRTCGGA","A","1"
"7PH1","IVGGYTCGANTVPYQVSLNSGYHFCGGSLINSQWVVSAAHCYKSGIQVRLGEDNINVVEGNEQFISASKSIVHPSYNSNTLNNDIMLIKLKSAASLNSRVASISLPTSCASAGTQCLISGWGNTKSSGTSYPDVLKCLKAPILSDSSCKSAYPGQITSNMFCAGYLEGGKDSCQGDSGGPVVCSGKLQGIVSWGSGCAQKNKPGVYTKVCNYVSWIKQTIASN","E","1"
,"PDFCLEPPYTGPCXARIIRYFYNAKAGLCQTFVYGGCRAKRNNFKSAEDCMRTCGGA","I","2"
"7PTI","RPDFCLEPPYTGPCKARIIRYFYNAKAGLAQTFVYGGCRAKRNNFKSAEDAMRTCGGA","A","1"
"7QIQ","RPDFCLEPPYTGPCAARIIRYFYNAKAGLCQTFVYGGCRAKRNNFKSAEDCMRTCGGA","D","4"
,,"H"
,"ANTPDRLQQASLPLLSNTNCKKYWGTKIKDAMICAGASGVSSCMGDSGGPLVCKKNGAWTLVGIVSWGSSTCSTSTPGVYARVTALVNWVQQTLAAN","C","3"
,,"G"
,"IVNGEEAVPGSWPWQVSLQDKTGFHFCGGSLINENWVVTAAHCGVTTSDVVVAGEFDQGSSSEKIQKLKIAKVFKNSKYNSLTINNDITLLKLSTAASFSQTVSAVCLPSASDDFAAGTTCVTTGWGLTRY","B","2"
,,"F"
,"CGVPAIQPVLSGL","A","1"
,,"E"
"7QIR","RPDFCLEPPYTGPCXARIIRYFYNAKAGLCQTFVYGGCRAKRNNFKSAEDCMRTCGGA","D","4"
,,"H"
,"ANTPDRLQQASLPLLSNTNCKKYWGTKIKDAMICAGASGVSSCMGDSGGPLVCKKNGAWTLVGIVSWGSSTCSTSTPGVYARVTALVNWVQQTLAAN","C","3"
,,"G"
,"IVNGEEAVPGSWPWQVSLQDKTGFHFCGGSLINENWVVTAAHCGVTTSDVVVAGEFDQGSSSEKIQKLKIAKVFKNSKYNSLTINNDITLLKLSTAASFSQTVSAVCLPSASDDFAAGTTCVTTGWGLTRY","B","2"
,,"F"
,"CGVPAIQPVLSGL","A","1"
,,"E"
"7QIS","RPDFCLEPPYTGPCXARIIRYFYNAKAGLCQTFVYGGCRAKRNNFKSAEDCMRTCGGA","D","4"
,,"H"
,"ANTPDRLQQASLPLLSNTNCKKYWGTKIKDAMICAGASGVSSCMGDSGGPLVCKKNGAWTLVGIVSWGSSTCSTSTPGVYARVTALVNWVQQTLAAN","C","3"
,,"G"
,"IVNGEEAVPGSWPWQVSLQDKTGFHFCGGSLINENWVVTAAHCGVTTSDVVVAGEFDQGSSSEKIQKLKIAKVFKNSKYNSLTINNDITLLKLSTAASFSQTVSAVCLPSASDDFAAGTTCVTTGWGLTRY","B","2"
,,"F"
,"CGVPAIQPVLSGL","E","1"
,,"A"
"7QIT","RPDFCLEPPYTGPCXARIIRYFYNAKAGLCQTFVYGGCRAKRNNFKSAEDCMRTCGGA","H","4"
,,"D"
,"ANTPDRLQQASLPLLSNTNCKKYWGTKIKDAMICAGASGVSSCMGDSGGPLVCKKNGAWTLVGIVSWGSSTCSTSTPGVYARVTALVNWVQQTLAAN","G","3"
,,"C"
,"IVNGEEAVPGSWPWQVSLQDKTGFHFCGGSLINENWVVTAAHCGVTTSDVVVAGEFDQGSSSEKIQKLKIAKVFKNSKYNSLTINNDITLLKLSTAASFSQTVSAVCLPSASDDFAAGTTCVTTGWGLTRY","B","2"
,,"F"
,"CGVPAIQPVLSGL","E","1"
,,"A"
"8PTI","RPDFCLEPPYTGPCKARIIRYFYNAKAGLCQTFVGGGCRAKRNNFKSAEDCMRTCGGA","A","1"
"9PTI","RPDFCLEPPYTGPCKARIIRYFYNAKAGLCQTFVYGGCRAKRNNFKSAEDCMRTCGGA","A","1"
